{"name":"kenya-nbs_cc6088f1-f073-4c66-af8a-2f2f30b73183","title":"Fully Immunization coverage rate for children under ... 2011","description":"Fully Immunization coverage rate for children under 1 year per county in kenya (2011-2013)\n\n*Original Title*: Fully Immunization coverage rate for children under 1 year per county in kenya (2011-2013)\n\nThe dataset shows the rate of full immunization for children under the age of 1 Year in kenya per county\n\nCaveats - This dataset has been sourced from the KNBS data portal\n\nMethodology - Census\n\nSource: https://data.humdata.org/dataset/fully-immunization-coverage-rate-for-children-under-1-year-per-county-in-kenya-2011-2013  \nLast updated at https://data.humdata.org/organization/kenya-national-bureau-of-statistics : 2019-09-11  \n\n\nLicense - \nCreative Commons Attribution for Intergovernmental Organisations","homepage":"https://data.world/kenya-nbs/cc6088f1-f073-4c66-af8a-2f2f30b73183","license":"CC-BY-IGO","resources":[{"name":"county_full_immunization_coverage_rate_for_children_under_one_year_2011_to_2013_csv_1","schema":{"fields":[{"name":"county","title":"County","type":"string","rdfType":"http://www.w3.org/2001/XMLSchema#string","dwSourceId":"county"},{"name":"2011","title":"2011","type":"number","rdfType":"http://www.w3.org/2001/XMLSchema#decimal","dwSourceId":"2011"},{"name":"2012","title":"2012","type":"number","rdfType":"http://www.w3.org/2001/XMLSchema#decimal","dwSourceId":"2012"},{"name":"2013","title":"2013","type":"number","rdfType":"http://www.w3.org/2001/XMLSchema#decimal","dwSourceId":"2013"}]},"path":"data/county_full_immunization_coverage_rate_for_children_under_one_year_2011_to_2013_csv_1.csv","format":"csv"},{"name":"original/county-full-immunization-coverage-rate-for-children-under-one-year-2011-to-2013-csv-1.csv","path":"original/county-full-immunization-coverage-rate-for-children-under-one-year-2011-to-2013-csv-1.csv","format":"csv","mediatype":"text/csv","bytes":2235}],"keywords":["health","immunization","kenya"]}